zomato_5795,yelp_965,0.9846236093750516
zomato_1617,yelp_8377,0.9426974094271849
zomato_2199,yelp_8287,0.9846236093750516
zomato_1702,yelp_8634,0.9846236093750516
zomato_950,yelp_2422,0.9846236093750516
zomato_1968,yelp_8527,0.9846236093750516
zomato_732,yelp_2184,0.9846236093750516
zomato_2816,yelp_1573,0.9846236093750516
zomato_6510,yelp_771,0.9846236093750516
zomato_6207,yelp_383,0.8929166925224458
zomato_2067,yelp_8110,0.9261222251829263
zomato_6776,yelp_585,0.9846236093750516
zomato_1703,yelp_8326,0.9846236093750516
zomato_6861,yelp_154,0.9152712816475347
zomato_7405,yelp_307,0.9846236093750516
zomato_4244,yelp_1470,0.9846236093750516
zomato_2728,yelp_1080,0.9846236093750516
zomato_3178,yelp_1583,0.9846236093750516
zomato_3481,yelp_1975,0.9846236093750516
zomato_1832,yelp_8275,0.9846236093750516
zomato_1615,yelp_8086,0.95133869531741
zomato_209,yelp_2754,0.9846236093750516
zomato_2282,yelp_8084,0.9846236093750516
zomato_3927,yelp_1228,0.9846236093750516
zomato_2197,yelp_8829,0.9846236093750516
zomato_645,yelp_2339,0.9846236093750516
zomato_2947,yelp_1289,0.9846236093750516
zomato_7180,yelp_657,0.9846236093750516
zomato_1170,yelp_2442,0.9846236093750516
zomato_1700,yelp_8639,0.9846236093750516
zomato_1749,yelp_7982,0.9846236093750516
zomato_1834,yelp_8786,0.9846236093750516
zomato_6778,yelp_48,0.8086671543320266
zomato_1616,yelp_8153,0.9846236093750516
zomato_6645,yelp_173,0.9846236093750516
zomato_1701,yelp_8488,0.9846236093750516
zomato_1967,yelp_8268,0.9846236093750516
zomato_4157,yelp_1347,0.9846236093750516
zomato_864,yelp_2356,0.9846236093750516
zomato_3708,yelp_1570,0.9846236093750516
zomato_731,yelp_2867,0.9846236093750516
zomato_2283,yelp_8307,0.9846236093750516
zomato_646,yelp_2858,0.9846236093750516
zomato_1830,yelp_8476,0.9846236093750516
zomato_1612,yelp_8764,0.9846236093750516
zomato_1963,yelp_8580,0.9846236093750516
zomato_6513,yelp_514,0.9846236093750516
zomato_291,yelp_2877,0.9846236093750516
zomato_6779,yelp_107,0.9846236093750516
zomato_1746,yelp_8133,0.9846236093750516
zomato_1528,yelp_8114,0.9846236093750516
zomato_1613,yelp_8257,0.8086671543320266
zomato_1879,yelp_8838,0.9846236093750516
zomato_4156,yelp_1149,0.9846236093750516
zomato_736,yelp_2009,0.9846236093750516
zomato_821,yelp_2746,0.9846236093750516
zomato_518,yelp_2942,0.9261222251829263
zomato_7408,yelp_924,0.9846236093750516
zomato_3707,yelp_1403,0.9846236093750516
zomato_2195,yelp_8561,0.9846236093750516
zomato_3393,yelp_1587,0.9846236093750516
zomato_1831,yelp_8015,0.9846236093750516
zomato_1083,yelp_2070,0.9846236093750516
zomato_1964,yelp_8791,0.9261222251829263
zomato_1529,yelp_8378,0.9846236093750516
zomato_1965,yelp_8781,0.9846236093750516
zomato_6865,yelp_379,0.9152712816475347
zomato_1614,yelp_8571,0.9846236093750516
zomato_1747,yelp_8109,0.9846236093750516
zomato_4155,yelp_1165,0.9846236093750516
zomato_3924,yelp_1952,0.9846236093750516
zomato_737,yelp_2728,0.9846236093750516
zomato_3839,yelp_1383,0.9846236093750516
zomato_7409,yelp_194,0.9846236093750516
zomato_4240,yelp_1706,0.9846236093750516
zomato_2063,yelp_8212,0.9846236093750516
zomato_2196,yelp_8264,0.9846236093750516
zomato_2857,yelp_1611,0.9846236093750516
zomato_3922,yelp_1972,0.9846236093750516
zomato_1961,yelp_8693,0.9846236093750516
zomato_1876,yelp_8345,0.9152712816475347
zomato_1610,yelp_8248,0.9846236093750516
zomato_1743,yelp_8474,0.9846236093750516
zomato_1877,yelp_8239,0.9846236093750516
zomato_6951,yelp_401,0.9846236093750516
zomato_2723,yelp_1131,0.9846236093750516
zomato_2060,yelp_8355,0.9846236093750516
zomato_601,yelp_2248,0.9846236093750516
zomato_734,yelp_2025,0.9846236093750516
zomato_5887,yelp_814,0.9846236093750516
zomato_1611,yelp_8108,0.9261222251829263
zomato_3391,yelp_1980,0.9846236093750516
zomato_1744,yelp_8531,0.9846236093750516
zomato_1878,yelp_8738,0.9261222251829263
zomato_1527,yelp_8251,0.9846236093750516
zomato_2061,yelp_8126,0.9846236093750516
zomato_820,yelp_2405,0.9846236093750516
zomato_517,yelp_2771,0.9846236093750516
zomato_3920,yelp_1161,0.9846236093750516
zomato_1523,yelp_8508,0.9846236093750516
zomato_1741,yelp_8113,0.9261222251829263
zomato_1656,yelp_8371,0.9261222251829263
zomato_772,yelp_2517,0.9846236093750516
zomato_554,yelp_2671,0.9846236093750516
zomato_6868,yelp_686,0.9846236093750516
zomato_1439,yelp_2498,0.9846236093750516
zomato_1657,yelp_8026,0.9846236093750516
zomato_6820,yelp_329,0.9846236093750516
zomato_4067,yelp_1033,0.9846236093750516
zomato_3703,yelp_1819,0.9846236093750516
zomato_3618,yelp_1732,0.9846236093750516
zomato_2191,yelp_8218,0.9846236093750516
zomato_1524,yelp_8237,0.9846236093750516
zomato_1960,yelp_8177,0.9846236093750516
zomato_773,yelp_2581,0.9846236093750516
zomato_6821,yelp_539,0.9846236093750516
zomato_1525,yelp_8196,0.9846236093750516
zomato_991,yelp_2917,0.9846236093750516
zomato_3835,yelp_1450,0.8929166925224458
zomato_4066,yelp_1348,0.9846236093750516
zomato_337,yelp_2779,0.9846236093750516
zomato_4151,yelp_1178,0.9846236093750516
zomato_688,yelp_2881,0.9846236093750516
zomato_6073,yelp_584,0.9846236093750516
zomato_204,yelp_2368,0.9846236093750516
zomato_68,yelp_2700,0.9846236093750516
zomato_3966,yelp_1096,0.9846236093750516
zomato_1436,yelp_2142,0.9846236093750516
zomato_1303,yelp_2890,0.9846236093750516
zomato_1521,yelp_8334,0.9261222251829263
zomato_1787,yelp_8787,0.9846236093750516
zomato_1654,yelp_8631,0.9426974094271849
zomato_1872,yelp_8317,0.9846236093750516
zomato_552,yelp_2650,0.9846236093750516
zomato_7187,yelp_467,0.9846236093750516
zomato_6604,yelp_15,0.9152712816475347
zomato_6955,yelp_964,0.9846236093750516
zomato_7054,yelp_420,0.9846236093750516
zomato_4198,yelp_1620,0.9846236093750516
zomato_2190,yelp_8836,0.9426974094271849
zomato_2636,yelp_1402,0.9846236093750516
zomato_1655,yelp_8629,0.9846236093750516
zomato_1788,yelp_8302,0.9846236093750516
zomato_7140,yelp_569,0.9846236093750516
zomato_6738,yelp_779,0.9846236093750516
zomato_6605,yelp_145,0.9846236093750516
zomato_553,yelp_2328,0.9846236093750516
zomato_1789,yelp_8319,0.9426974094271849
zomato_1305,yelp_2523,0.9846236093750516
zomato_6293,yelp_671,0.9846236093750516
zomato_1216,yelp_2277,0.9152712816475347
zomato_1567,yelp_8456,0.9846236093750516
zomato_2548,yelp_1968,0.9846236093750516
zomato_1785,yelp_8400,0.9261222251829263
zomato_1870,yelp_8118,0.9846236093750516
zomato_7492,yelp_449,0.9846236093750516
zomato_510,yelp_2187,0.9846236093750516
zomato_6824,yelp_338,0.9846236093750516
zomato_994,yelp_2330,0.9846236093750516
zomato_861,yelp_2855,0.9846236093750516
zomato_1217,yelp_2165,0.9846236093750516
zomato_4196,yelp_1979,0.9846236093750516
zomato_5845,yelp_75,0.9846236093750516
zomato_3830,yelp_1316,0.9152712816475347
zomato_5978,yelp_968,0.9846236093750516
zomato_3878,yelp_1574,0.9846236093750516
zomato_1786,yelp_8329,0.9261222251829263
zomato_1568,yelp_8381,0.9846236093750516
zomato_1653,yelp_8619,0.9846236093750516
zomato_1520,yelp_8292,0.9846236093750516
zomato_6959,yelp_425,0.9846236093750516
zomato_1871,yelp_8160,0.9846236093750516
zomato_7057,yelp_402,0.9846236093750516
zomato_7275,yelp_477,0.9846236093750516
zomato_862,yelp_2684,0.9846236093750516
zomato_1569,yelp_8147,0.9426974094271849
zomato_995,yelp_2345,0.9846236093750516
zomato_4195,yelp_1771,0.9846236093750516
zomato_511,yelp_2816,0.9846236093750516
zomato_644,yelp_2470,0.9846236093750516
zomato_426,yelp_2118,0.9846236093750516
zomato_777,yelp_2307,0.9846236093750516
zomato_6,yelp_2862,0.9846236093750516
zomato_3611,yelp_1504,0.9846236093750516
zomato_2328,yelp_1640,0.9846236093750516
zomato_1698,yelp_8673,0.9846236093750516
zomato_1650,yelp_8701,0.9846236093750516
zomato_1783,yelp_7970,0.9846236093750516
zomato_2678,yelp_1078,0.9152712816475347
zomato_556,yelp_2163,0.9846236093750516
zomato_6381,yelp_108,0.9846236093750516
zomato_2981,yelp_1127,0.9846236093750516
zomato_4060,yelp_1398,0.9846236093750516
zomato_6164,yelp_195,0.9846236093750516
zomato_1348,yelp_2111,0.9846236093750516
zomato_1699,yelp_8490,0.9261222251829263
zomato_1651,yelp_8071,0.9846236093750516
zomato_1784,yelp_8659,0.9846236093750516
zomato_7144,yelp_192,0.9846236093750516
zomato_6912,yelp_837,0.9846236093750516
zomato_860,yelp_2795,0.9846236093750516
zomato_7011,yelp_484,0.9846236093750516
zomato_2679,yelp_1705,0.9846236093750516
zomato_3659,yelp_1189,0.9846236093750516
zomato_3887,yelp_1483,0.9846236093750516
zomato_3536,yelp_1117,0.9846236093750516
zomato_1006,yelp_2318,0.9846236093750516
zomato_1139,yelp_2044,0.9846236093750516
zomato_1575,yelp_8228,0.9846236093750516
zomato_1660,yelp_8183,0.9846236093750516
zomato_7133,yelp_17,0.9846236093750516
zomato_7484,yelp_20,0.9846236093750516
zomato_2422,yelp_1868,0.9846236093750516
zomato_2204,yelp_8289,0.9846236093750516
zomato_340,yelp_2075,0.9846236093750516
zomato_691,yelp_2270,0.9846236093750516
zomato_7000,yelp_993,0.9846236093750516
zomato_5837,yelp_570,0.9846236093750516
zomato_2991,yelp_1227,0.9846236093750516
zomato_3620,yelp_1442,0.9846236093750516
zomato_3886,yelp_1317,0.9846236093750516
zomato_3535,yelp_1049,0.9846236093750516
zomato_1576,yelp_8029,0.8086671543320266
zomato_1794,yelp_7967,0.9261222251829263
zomato_3090,yelp_1475,0.9846236093750516
zomato_123,yelp_2479,0.9846236093750516
zomato_692,yelp_2240,0.9846236093750516
zomato_7134,yelp_554,0.9846236093750516
zomato_7001,yelp_229,0.9846236093750516
zomato_2205,yelp_8844,0.9846236093750516
zomato_6240,yelp_679,0.9846236093750516
zomato_6022,yelp_183,0.9846236093750516
zomato_3885,yelp_1268,0.9846236093750516
zomato_1791,yelp_8083,0.9846236093750516
zomato_3752,yelp_1460,0.9846236093750516
zomato_6373,yelp_875,0.9846236093750516
zomato_3667,yelp_1657,0.9846236093750516
zomato_1488,yelp_8822,0.9846236093750516
zomato_6904,yelp_248,0.9846236093750516
zomato_7353,yelp_485,0.9846236093750516
zomato_2202,yelp_8703,0.8086671543320266
zomato_6241,yelp_715,0.8086671543320266
zomato_3448,yelp_1029,0.9846236093750516
zomato_1005,yelp_2525,0.9846236093750516
zomato_3666,yelp_1826,0.9846236093750516
zomato_61,yelp_2757,0.9846236093750516
zomato_1489,yelp_8347,0.9846236093750516
zomato_1574,yelp_8314,0.9846236093750516
zomato_1792,yelp_8614,0.9846236093750516
zomato_2118,yelp_8688,0.9846236093750516
zomato_2203,yelp_8404,0.9261222251829263
zomato_472,yelp_2320,0.9846236093750516
zomato_1571,yelp_8594,0.9846236093750516
zomato_1002,yelp_2233,0.9846236093750516
zomato_1135,yelp_1997,0.9846236093750516
zomato_6157,yelp_390,0.9846236093750516
zomato_3314,yelp_1318,0.9846236093750516
zomato_6906,yelp_160,0.9846236093750516
zomato_1486,yelp_8903,0.9846236093750516
zomato_2200,yelp_7992,0.9846236093750516
zomato_695,yelp_2462,0.9846236093750516
zomato_2333,yelp_1661,0.95133869531741
zomato_211,yelp_2319,0.9846236093750516
zomato_2248,yelp_8058,0.9846236093750516
zomato_2115,yelp_8097,0.9846236093750516
zomato_7222,yelp_215,0.9846236093750516
zomato_1221,yelp_2098,0.9846236093750516
zomato_6110,yelp_251,0.9846236093750516
zomato_6461,yelp_332,0.9846236093750516
zomato_1790,yelp_8554,0.9846236093750516
zomato_1487,yelp_8411,0.9846236093750516
zomato_4209,yelp_1076,0.9846236093750516
zomato_1572,yelp_7956,0.9846236093750516
zomato_2552,yelp_1041,0.9846236093750516
zomato_2685,yelp_1249,0.9846236093750516
zomato_7489,yelp_764,0.9846236093750516
zomato_2116,yelp_8463,0.9846236093750516
zomato_2249,yelp_8131,0.9261222251829263
zomato_3663,yelp_1181,0.95133869531741
zomato_1133,yelp_2168,0.9846236093750516
zomato_6244,yelp_118,0.9846236093750516
zomato_1399,yelp_2310,0.9846236093750516
zomato_1266,yelp_2944,0.8929166925224458
zomato_1484,yelp_8157,0.9846236093750516
zomato_2113,yelp_8853,0.9846236093750516
zomato_2246,yelp_8637,0.9261222251829263
zomato_7660,yelp_894,0.9846236093750516
zomato_2379,yelp_1273,0.7351165671464108
zomato_2028,yelp_8591,0.9846236093750516
zomato_693,yelp_2057,0.9846236093750516
zomato_2682,yelp_1967,0.95133869531741
zomato_1570,yelp_8238,0.9846236093750516
zomato_3577,yelp_1462,0.9846236093750516
zomato_3311,yelp_1909,0.9846236093750516
zomato_1049,yelp_2866,0.9846236093750516
zomato_6112,yelp_491,0.9846236093750516
zomato_1485,yelp_8129,0.9846236093750516
zomato_1352,yelp_2567,0.9846236093750516
zomato_2114,yelp_8821,0.7104894121497599
zomato_7661,yelp_934,0.9846236093750516
zomato_343,yelp_2317,0.9846236093750516
zomato_561,yelp_2290,0.9846236093750516
zomato_7310,yelp_356,0.9846236093750516
zomato_2550,yelp_1685,0.9846236093750516
zomato_1482,yelp_8544,0.9846236093750516
zomato_3443,yelp_1808,0.9846236093750516
zomato_6246,yelp_328,0.9846236093750516
zomato_6379,yelp_414,0.9846236093750516
zomato_3661,yelp_1423,0.9846236093750516
zomato_2026,yelp_8723,0.95133869531741
zomato_1928,yelp_8272,0.9846236093750516
zomato_7577,yelp_619,0.9846236093750516
zomato_2159,yelp_8376,0.9261222251829263
zomato_1483,yelp_8344,0.9846236093750516
zomato_3575,yelp_1233,0.9846236093750516
zomato_1047,yelp_2963,0.9846236093750516
zomato_381,yelp_2114,0.9846236093750516
zomato_2909,yelp_1267,0.9846236093750516
zomato_2112,yelp_8300,0.9846236093750516
zomato_7445,yelp_786,0.9846236093750516
zomato_2027,yelp_8439,0.9846236093750516
zomato_163,yelp_2582,0.9846236093750516
zomato_7578,yelp_376,0.9846236093750516
zomato_7009,yelp_224,0.9846236093750516
zomato_2906,yelp_1431,0.9846236093750516
zomato_3138,yelp_1324,0.9846236093750516
zomato_3574,yelp_1575,0.9846236093750516
zomato_1480,yelp_7955,0.9846236093750516
zomato_739,yelp_2219,0.9846236093750516
zomato_6599,yelp_583,0.9846236093750516
zomato_2157,yelp_8339,0.9846236093750516
zomato_1708,yelp_8627,0.9846236093750516
zomato_4203,yelp_1721,0.9846236093750516
zomato_7228,yelp_989,0.9846236093750516
zomato_605,yelp_2807,0.9846236093750516
zomato_6684,yelp_872,0.9846236093750516
zomato_1481,yelp_8048,0.9846236093750516
zomato_607,yelp_2686,0.9846236093750516
zomato_6552,yelp_541,0.9846236093750516
zomato_6201,yelp_900,0.9152712816475347
zomato_6467,yelp_12,0.9846236093750516
zomato_2025,yelp_8819,0.9846236093750516
zomato_1927,yelp_7983,0.9846236093750516
zomato_4202,yelp_1439,0.9846236093750516
zomato_7314,yelp_546,0.9152712816475347
zomato_606,yelp_2393,0.9846236093750516
zomato_2110,yelp_8033,0.95133869531741
zomato_1709,yelp_8364,0.9846236093750516
zomato_2461,yelp_1878,0.9846236093750516
zomato_3354,yelp_1735,0.9846236093750516
zomato_3487,yelp_1371,0.9846236093750516
zomato_6335,yelp_624,0.9846236093750516
zomato_1175,yelp_2649,0.9846236093750516
zomato_1706,yelp_8252,0.9261222251829263
zomato_2155,yelp_8651,0.9846236093750516
zomato_1839,yelp_8558,0.9846236093750516
zomato_1924,yelp_8426,0.9261222251829263
zomato_7666,yelp_796,0.9846236093750516
zomato_1394,yelp_2386,0.9846236093750516
zomato_1261,yelp_2312,0.9846236093750516
zomato_3002,yelp_1521,0.9846236093750516
zomato_6421,yelp_25,0.9846236093750516
zomato_6118,yelp_190,0.9846236093750516
zomato_2023,yelp_8532,0.9846236093750516
zomato_2289,yelp_8886,0.9846236093750516
zomato_167,yelp_2921,0.9846236093750516
zomato_1707,yelp_8041,0.9846236093750516
zomato_7667,yelp_593,0.9846236093750516
zomato_6990,yelp_529,0.9846236093750516
zomato_2902,yelp_1419,0.9846236093750516
zomato_3001,yelp_1195,0.9846236093750516
zomato_1619,yelp_8648,0.9426974094271849
zomato_1837,yelp_8805,0.9261222251829263
zomato_4029,yelp_1292,0.9846236093750516
zomato_2068,yelp_8727,0.8929166925224458
zomato_1922,yelp_8341,0.9846236093750516
zomato_297,yelp_2561,0.9846236093750516
zomato_1704,yelp_8742,0.9261222251829263
zomato_4114,yelp_1850,0.9846236093750516
zomato_2371,yelp_1599,0.9846236093750516
zomato_912,yelp_2643,0.9846236093750516
zomato_2020,yelp_8640,0.9846236093750516
zomato_2903,yelp_1284,0.9846236093750516
zomato_2069,yelp_8526,0.9846236093750516
zomato_1705,yelp_8161,0.96337091985955
zomato_298,yelp_2511,0.9846236093750516
zomato_383,yelp_2064,0.9846236093750516
zomato_165,yelp_2131,0.9846236093750516
zomato_250,yelp_2429,0.9152712816475347
zomato_7536,yelp_804,0.9846236093750516
zomato_7403,yelp_77,0.9846236093750516
zomato_2154,yelp_8387,0.95133869531741
zomato_913,yelp_2832,0.9846236093750516
zomato_5892,yelp_832,0.9152712816475347
zomato_3580,yelp_1360,0.9152712816475347
zomato_1050,yelp_2924,0.9846236093750516
zomato_1931,yelp_8644,0.9846236093750516
zomato_1183,yelp_2541,0.9846236093750516
zomato_1629,yelp_8520,0.7928439411552869
zomato_1932,yelp_8680,0.9846236093750516
zomato_6787,yelp_252,0.9846236093750516
zomato_1714,yelp_8049,0.9846236093750516
zomato_962,yelp_2141,0.9846236093750516
zomato_744,yelp_2247,0.9846236093750516
zomato_2163,yelp_8915,0.9846236093750516
zomato_3808,yelp_1406,0.9846236093750516
zomato_3010,yelp_1132,0.9152712816475347
zomato_3276,yelp_1101,0.9846236093750516
zomato_1184,yelp_2019,0.9846236093750516
zomato_2079,yelp_8585,0.9846236093750516
zomato_1715,yelp_8514,0.9846236093750516
zomato_4341,yelp_1680,0.9846236093750516
zomato_6873,yelp_132,0.9846236093750516
zomato_3807,yelp_1193,0.9152712816475347
zomato_745,yelp_2889,0.8929166925224458
zomato_2958,yelp_1468,0.9846236093750516
zomato_3360,yelp_1922,0.9846236093750516
zomato_1711,yelp_8386,0.9152712816475347
zomato_1181,yelp_2469,0.9846236093750516
zomato_1627,yelp_8042,0.9846236093750516
zomato_1712,yelp_8413,0.8929166925224458
zomato_657,yelp_2851,0.9846236093750516
zomato_7418,yelp_335,0.9846236093750516
zomato_524,yelp_2134,0.9846236093750516
zomato_6524,yelp_292,0.9846236093750516
zomato_1930,yelp_8130,0.9846236093750516
zomato_1628,yelp_8408,0.9846236093750516
zomato_1713,yelp_8432,0.8373666897232663
zomato_6657,yelp_635,0.9846236093750516
zomato_1979,yelp_8295,0.9846236093750516
zomato_1846,yelp_8862,0.9846236093750516
zomato_6960,yelp_571,0.9846236093750516
zomato_7504,yelp_805,0.9846236093750516
zomato_876,yelp_2067,0.9152712816475347
zomato_610,yelp_2604,0.9846236093750516
zomato_525,yelp_2704,0.9846236093750516
zomato_2738,yelp_1021,0.9846236093750516
zomato_5896,yelp_603,0.9846236093750516
zomato_3491,yelp_1591,0.9846236093750516
zomato_3055,yelp_1924,0.9846236093750516
zomato_1842,yelp_8154,0.9846236093750516
zomato_1975,yelp_8826,0.9261222251829263
zomato_6307,yelp_844,0.9846236093750516
zomato_3140,yelp_1687,0.9846236093750516
zomato_6743,yelp_536,0.9846236093750516
zomato_4168,yelp_1266,0.9846236093750516
zomato_1625,yelp_8195,0.9846236093750516
zomato_1758,yelp_8079,0.9846236093750516
zomato_2822,yelp_1752,0.9846236093750516
zomato_4253,yelp_1817,0.9846236093750516
zomato_6961,yelp_445,0.8929166925224458
zomato_2292,yelp_8340,0.9846236093750516
zomato_19,yelp_2387,0.9846236093750516
zomato_3272,yelp_1585,0.8565032596483677
zomato_1710,yelp_8010,0.9846236093750516
zomato_5982,yelp_598,0.9846236093750516
zomato_1626,yelp_8735,0.9846236093750516
zomato_1844,yelp_8372,0.9152712816475347
zomato_1977,yelp_8233,0.9846236093750516
zomato_6962,yelp_937,0.8565032596483677
zomato_1759,yelp_8519,0.9846236093750516
zomato_2160,yelp_8460,0.8929166925224458
zomato_2293,yelp_8199,0.9846236093750516
zomato_2075,yelp_8917,0.9846236093750516
zomato_834,yelp_2038,0.9846236093750516
zomato_2869,yelp_1767,0.95133869531741
zomato_2736,yelp_1441,0.9846236093750516
zomato_3801,yelp_1727,0.9846236093750516
zomato_5898,yelp_543,0.9846236093750516
zomato_1622,yelp_8752,0.9261222251829263
zomato_1092,yelp_2446,0.8929166925224458
zomato_1889,yelp_8671,0.9846236093750516
zomato_1538,yelp_8181,0.9152712816475347
zomato_1756,yelp_8774,0.95133869531741
zomato_1405,yelp_2002,0.9846236093750516
zomato_6963,yelp_426,0.9846236093750516
zomato_528,yelp_2434,0.9846236093750516
zomato_879,yelp_2569,0.9846236093750516
zomato_6082,yelp_462,0.9846236093750516
zomato_7509,yelp_172,0.9846236093750516
zomato_1841,yelp_8808,0.9846236093750516
zomato_1623,yelp_8305,0.9846236093750516
zomato_6613,yelp_452,0.859132810416666
zomato_1539,yelp_8373,0.7104894121497599
zomato_1624,yelp_8662,0.9846236093750516
zomato_614,yelp_2463,0.9846236093750516
zomato_2073,yelp_8052,0.7928439411552869
zomato_3849,yelp_1140,0.8929166925224458
zomato_3932,yelp_1085,0.9846236093750516
zomato_5985,yelp_540,0.9846236093750516
zomato_1753,yelp_8068,0.8710831003871312
zomato_2516,yelp_1824,0.9846236093750516
zomato_1535,yelp_8798,0.9846236093750516
zomato_1620,yelp_8712,0.9846236093750516
zomato_1971,yelp_8143,0.9846236093750516
zomato_300,yelp_2263,0.9846236093750516
zomato_784,yelp_2716,0.9846236093750516
zomato_6832,yelp_981,0.9846236093750516
zomato_2600,yelp_1176,0.9846236093750516
zomato_1536,yelp_8115,0.9261222251829263
zomato_3715,yelp_1554,0.7104894121497599
zomato_4031,yelp_1934,0.9846236093750516
zomato_3713,yelp_1109,0.9846236093750516
zomato_1887,yelp_8219,0.9846236093750516
zomato_1754,yelp_8795,0.9846236093750516
zomato_1621,yelp_8753,0.9846236093750516
zomato_7283,yelp_418,0.8086671543320266
zomato_3050,yelp_1527,0.9846236093750516
zomato_1888,yelp_8798,0.9152712816475347
zomato_1404,yelp_2846,0.9846236093750516
zomato_1537,yelp_8569,0.9846236093750516
zomato_3847,yelp_1741,0.9846236093750516
zomato_3629,yelp_1646,0.9846236093750516
zomato_2071,yelp_8013,0.9846236093750516
zomato_6170,yelp_303,0.9846236093750516
zomato_4163,yelp_1294,0.9846236093750516
zomato_3930,yelp_1250,0.9846236093750516
zomato_3845,yelp_1650,0.9846236093750516
zomato_3097,yelp_1559,0.9846236093750516
zomato_1666,yelp_8394,0.9846236093750516
zomato_2647,yelp_1465,0.9846236093750516
zomato_1799,yelp_8250,0.9152712816475347
zomato_1533,yelp_7981,0.9261222251829263
zomato_1751,yelp_8188,0.9846236093750516
zomato_213,yelp_2089,0.9846236093750516
zomato_564,yelp_2499,0.9846236093750516
zomato_1449,yelp_2379,0.9846236093750516
zomato_1316,yelp_2234,0.9846236093750516
zomato_57,yelp_2820,0.9846236093750516
zomato_1534,yelp_7975,0.9846236093750516
zomato_2648,yelp_1052,0.9846236093750516
zomato_1752,yelp_8540,0.9261222251829263
zomato_1667,yelp_7962,0.9426974094271849
zomato_1970,yelp_8717,0.9261222251829263
zomato_6968,yelp_330,0.9846236093750516
zomato_783,yelp_2231,0.9846236093750516
zomato_7285,yelp_563,0.9846236093750516
zomato_6920,yelp_698,0.9846236093750516
zomato_1668,yelp_8174,0.9846236093750516
zomato_3627,yelp_1883,0.9846236093750516
zomato_698,yelp_2035,0.9846236093750516
zomato_214,yelp_2683,0.9846236093750516
zomato_1579,yelp_8422,0.9846236093750516
zomato_2427,yelp_1777,0.9846236093750516
zomato_1664,yelp_8298,0.9846236093750516
zomato_1531,yelp_8204,0.9846236093750516
zomato_1882,yelp_8602,0.9846236093750516
zomato_6969,yelp_99,0.9846236093750516
zomato_2511,yelp_1410,0.9846236093750516
zomato_7020,yelp_337,0.9846236093750516
zomato_2426,yelp_1354,0.9846236093750516
zomato_3759,yelp_1063,0.9846236093750516
zomato_522,yelp_2720,0.9846236093750516
zomato_4075,yelp_1623,0.9846236093750516
zomato_788,yelp_2612,0.9846236093750516
zomato_59,yelp_2342,0.9846236093750516
zomato_5857,yelp_562,0.9846236093750516
zomato_3842,yelp_1391,0.9846236093750516
zomato_1532,yelp_8402,0.9846236093750516
zomato_1665,yelp_8635,0.9585190910949979
zomato_1798,yelp_8384,0.9846236093750516
zomato_1750,yelp_8690,0.9846236093750516
zomato_7154,yelp_360,0.9846236093750516
zomato_6837,yelp_943,0.9846236093750516
zomato_741,yelp_2179,0.9846236093750516
zomato_4074,yelp_1186,0.9846236093750516
zomato_523,yelp_2484,0.9846236093750516
zomato_789,yelp_2919,0.95133869531741
zomato_4291,yelp_1618,0.9846236093750516
zomato_6042,yelp_589,0.9846236093750516
zomato_3974,yelp_1116,0.9846236093750516
zomato_1577,yelp_8318,0.9261222251829263
zomato_1880,yelp_8656,0.8929166925224458
zomato_1795,yelp_8792,0.9846236093750516
zomato_653,yelp_2331,0.9846236093750516
zomato_520,yelp_2140,0.9846236093750516
zomato_7022,yelp_364,0.9846236093750516
zomato_6261,yelp_972,0.9846236093750516
zomato_3755,yelp_1921,0.9846236093750516
zomato_3537,yelp_1388,0.8086671543320266
zomato_13,yelp_2443,0.9846236093750516
zomato_3888,yelp_1121,0.9846236093750516
zomato_2559,yelp_1927,0.9846236093750516
zomato_2208,yelp_8194,0.9846236093750516
zomato_1796,yelp_8501,0.95133869531741
zomato_1530,yelp_8311,0.9846236093750516
zomato_1881,yelp_8215,0.9261222251829263
zomato_1663,yelp_8342,0.9846236093750516
zomato_6707,yelp_79,0.9846236093750516
zomato_3092,yelp_1384,0.9846236093750516
zomato_7289,yelp_325,0.9846236093750516
zomato_7023,yelp_301,0.9846236093750516
zomato_7156,yelp_526,0.9846236093750516
zomato_1228,yelp_2868,0.9846236093750516
zomato_654,yelp_2297,0.9846236093750516
zomato_2861,yelp_1415,0.9846236093750516
zomato_3500,yelp_1351,0.9846236093750516
zomato_1890,yelp_7980,0.9426974094271849
zomato_3548,yelp_1755,0.9846236093750516
zomato_3899,yelp_1082,0.9846236093750516
zomato_1018,yelp_2514,0.9846236093750516
zomato_1369,yelp_2699,0.9846236093750516
zomato_1587,yelp_8363,0.9846236093750516
zomato_1454,yelp_8778,0.7104894121497599
zomato_6829,yelp_213,0.8929166925224458
zomato_1672,yelp_7952,0.9846236093750516
zomato_7363,yelp_618,0.9846236093750516
zomato_267,yelp_2203,0.9846236093750516
zomato_7496,yelp_980,0.9846236093750516
zomato_2301,yelp_8562,0.9846236093750516
zomato_134,yelp_2694,0.9846236093750516
zomato_7012,yelp_511,0.9846236093750516
zomato_6033,yelp_997,0.9846236093750516
zomato_3765,yelp_1887,0.96337091985955
zomato_2218,yelp_8697,0.9846236093750516
zomato_1588,yelp_7976,0.9846236093750516
zomato_1455,yelp_8633,0.9846236093750516
zomato_1673,yelp_8601,0.9846236093750516
zomato_1891,yelp_8024,0.9261222251829263
zomato_1540,yelp_8186,0.9846236093750516
zomato_135,yelp_2653,0.9846236093750516
zomato_7364,yelp_577,0.9846236093750516
zomato_2520,yelp_1254,0.95133869531741
zomato_2302,yelp_8452,0.9846236093750516
zomato_2217,yelp_8146,0.9261222251829263
zomato_571,yelp_2224,0.9846236093750516
zomato_3631,yelp_1304,0.9846236093750516
zomato_929,yelp_2688,0.9846236093750516
zomato_5802,yelp_180,0.9846236093750516
zomato_1101,yelp_2502,0.8929166925224458
zomato_3897,yelp_1135,0.9846236093750516
zomato_1585,yelp_8931,0.9846236093750516
zomato_1452,yelp_8046,0.9846236093750516
zomato_6916,yelp_602,0.9846236093750516
zomato_7232,yelp_998,0.9846236093750516
zomato_7450,yelp_111,0.9846236093750516
zomato_2347,yelp_1301,0.9846236093750516
zomato_2129,yelp_8493,0.9846236093750516
zomato_132,yelp_2481,0.9846236093750516
zomato_3981,yelp_1229,0.9846236093750516
zomato_3630,yelp_1712,0.9846236093750516
zomato_1235,yelp_2857,0.9846236093750516
zomato_1017,yelp_2844,0.9846236093750516
zomato_6035,yelp_379,0.9152712816475347
zomato_6168,yelp_752,0.9846236093750516
zomato_1586,yelp_8262,0.8565032596483677
zomato_1671,yelp_8000,0.9846236093750516
zomato_7451,yelp_444,0.9846236093750516
zomato_7584,yelp_886,0.9846236093750516
zomato_2300,yelp_8430,0.8929166925224458
zomato_2215,yelp_8017,0.9846236093750516
zomato_2348,yelp_1379,0.9846236093750516
zomato_5804,yelp_667,0.9846236093750516
zomato_1450,yelp_2839,0.9846236093750516
zomato_98,yelp_2611,0.9846236093750516
zomato_6387,yelp_741,0.9846236093750516
zomato_50,yelp_2972,0.9846236093750516
zomato_1498,yelp_8060,0.9261222251829263
zomato_6918,yelp_878,0.9846236093750516
zomato_1583,yelp_8222,0.9846236093750516
zomato_2781,yelp_1145,0.9846236093750516
zomato_574,yelp_2276,0.9846236093750516
zomato_7452,yelp_626,0.9152712816475347
zomato_2430,yelp_1877,0.9846236093750516
zomato_4306,yelp_1814,0.9152712816475347
zomato_7585,yelp_193,0.9846236093750516
zomato_2127,yelp_8385,0.9846236093750516
zomato_6690,yelp_831,0.9846236093750516
zomato_1100,yelp_2670,0.9846236093750516
zomato_1148,yelp_2156,0.9846236093750516
zomato_1499,yelp_8780,0.9846236093750516
zomato_1584,yelp_8442,0.9846236093750516
zomato_1451,yelp_8573,0.9846236093750516
zomato_2213,yelp_8472,0.9846236093750516
zomato_7235,yelp_242,0.9846236093750516
zomato_6691,yelp_182,0.9846236093750516
zomato_1581,yelp_8119,0.9426974094271849
zomato_3324,yelp_1539,0.9846236093750516
zomato_1012,yelp_2166,0.9846236093750516
zomato_3675,yelp_1630,0.9846236093750516
zomato_3239,yelp_1092,0.9846236093750516
zomato_52,yelp_2170,0.9846236093750516
zomato_1496,yelp_8074,0.9846236093750516
zomato_221,yelp_2632,0.9152712816475347
zomato_7587,yelp_549,0.9846236093750516
zomato_790,yelp_2364,0.9846236093750516
zomato_7321,yelp_377,0.9846236093750516
zomato_7369,yelp_747,0.9846236093750516
zomato_1809,yelp_8706,0.9846236093750516
zomato_5807,yelp_909,0.9846236093750516
zomato_1582,yelp_8743,0.9846236093750516
zomato_3541,yelp_1032,0.9846236093750516
zomato_3589,yelp_1592,0.9846236093750516
zomato_6257,yelp_418,0.9846236093750516
zomato_1497,yelp_8626,0.9846236093750516
zomato_3892,yelp_1566,0.9152712816475347
zomato_2211,yelp_8831,0.9846236093750516
zomato_355,yelp_2367,0.9846236093750516
zomato_573,yelp_2444,0.9846236093750516
zomato_488,yelp_2452,0.9846236093750516
zomato_7019,yelp_905,0.9846236093750516
zomato_1494,yelp_8032,0.9846236093750516
zomato_1361,yelp_2183,0.95133869531741
zomato_3673,yelp_1336,0.9846236093750516
zomato_3104,yelp_1306,0.7104894121497599
zomato_3891,yelp_1903,0.9152712816475347
zomato_2389,yelp_1906,0.9846236093750516
zomato_2123,yelp_8841,0.9846236093750516
zomato_7456,yelp_352,0.9846236093750516
zomato_2038,yelp_8421,0.9846236093750516
zomato_704,yelp_2790,0.9846236093750516
zomato_1362,yelp_2722,0.9846236093750516
zomato_839,yelp_2279,0.9846236093750516
zomato_1580,yelp_8398,0.9846236093750516
zomato_706,yelp_2366,0.9846236093750516
zomato_1277,yelp_2122,0.9846236093750516
zomato_3672,yelp_1724,0.9846236093750516
zomato_1495,yelp_8674,0.9846236093750516
zomato_2257,yelp_8254,0.9426974094271849
zomato_7457,yelp_884,0.9846236093750516
zomato_1808,yelp_8214,0.9152712816475347
zomato_1056,yelp_2110,0.95133869531741
zomato_1492,yelp_8006,0.9152712816475347
zomato_3586,yelp_1168,0.9846236093750516
zomato_6478,yelp_57,0.9846236093750516
zomato_172,yelp_2912,0.9846236093750516
zomato_6127,yelp_670,0.9846236093750516
zomato_3671,yelp_1252,0.9846236093750516
zomato_1805,yelp_8507,0.9846236093750516
zomato_2254,yelp_8098,0.9846236093750516
zomato_1938,yelp_7993,0.9846236093750516
zomato_702,yelp_2102,0.9846236093750516
zomato_7107,yelp_550,0.9846236093750516
zomato_617,yelp_2336,0.9846236093750516
zomato_7325,yelp_919,0.9846236093750516
zomato_2121,yelp_8782,0.8929166925224458
zomato_835,yelp_2512,0.9846236093750516
zomato_1493,yelp_8587,0.9261222251829263
zomato_3234,yelp_1785,0.9846236093750516
zomato_3016,yelp_1288,0.9846236093750516
zomato_6346,yelp_38,0.9846236093750516
zomato_2919,yelp_1806,0.9846236093750516
zomato_2255,yelp_8600,0.9846236093750516
zomato_2037,yelp_8407,0.9846236093750516
zomato_2122,yelp_8543,0.9152712816475347
zomato_1939,yelp_8331,0.9846236093750516
zomato_1272,yelp_2935,0.9846236093750516
zomato_1490,yelp_8309,0.9152712816475347
zomato_4128,yelp_1572,0.9846236093750516
zomato_1718,yelp_8045,0.8929166925224458
zomato_263,yelp_2172,0.9846236093750516
zomato_481,yelp_2598,0.9152712816475347
zomato_7327,yelp_787,0.9846236093750516
zomato_1055,yelp_2628,0.9846236093750516
zomato_1188,yelp_2178,0.9846236093750516
zomato_1491,yelp_8163,0.9846236093750516
zomato_3147,yelp_1293,0.9846236093750516
zomato_3583,yelp_1031,0.9846236093750516
zomato_2168,yelp_8846,0.9846236093750516
zomato_1937,yelp_8020,0.9846236093750516
zomato_1719,yelp_8737,0.9426974094271849
zomato_2035,yelp_8484,0.9846236093750516
zomato_6784,yelp_627,0.9846236093750516
zomato_2120,yelp_8691,0.8086671543320266
zomato_2253,yelp_8559,0.9846236093750516
zomato_3279,yelp_1523,0.9846236093750516
zomato_3497,yelp_1880,0.9846236093750516
zomato_707,yelp_2267,0.9846236093750516
zomato_2914,yelp_1425,0.9846236093750516
zomato_6301,yelp_718,0.9846236093750516
zomato_6567,yelp_23,0.9846236093750516
zomato_1052,yelp_2150,0.9846236093750516
zomato_1185,yelp_2391,0.9846236093750516
zomato_3582,yelp_1047,0.9846236093750516
zomato_1849,yelp_8330,0.9846236093750516
zomato_1716,yelp_8424,0.9846236093750516
zomato_2298,yelp_8611,0.9846236093750516
zomato_1801,yelp_8152,0.9261222251829263
zomato_176,yelp_2177,0.9846236093750516
zomato_1934,yelp_8875,0.9261222251829263
zomato_7632,yelp_97,0.9846236093750516
zomato_7547,yelp_712,0.9846236093750516
zomato_4211,yelp_1314,0.9846236093750516
zomato_2032,yelp_8518,0.9846236093750516
zomato_926,yelp_2721,0.8929166925224458
zomato_1271,yelp_2695,0.9846236093750516
zomato_708,yelp_2943,0.9846236093750516
zomato_6568,yelp_403,0.9846236093750516
zomato_3496,yelp_1580,0.9846236093750516
zomato_1717,yelp_8425,0.9846236093750516
zomato_4258,yelp_1003,0.9846236093750516
zomato_4125,yelp_1633,0.9846236093750516
zomato_1802,yelp_8274,0.9846236093750516
zomato_7415,yelp_918,0.9846236093750516
zomato_925,yelp_2663,0.9846236093750516
zomato_2384,yelp_1170,0.9846236093750516
zomato_1280,yelp_2768,0.9846236093750516
zomato_3592,yelp_1034,0.9846236093750516
zomato_1859,yelp_8770,0.9846236093750516
zomato_1726,yelp_8209,0.9846236093750516
zomato_538,yelp_2221,0.9846236093750516
zomato_2260,yelp_8689,0.9846236093750516
zomato_7513,yelp_350,0.9846236093750516
zomato_841,yelp_2843,0.95133869531741
zomato_3905,yelp_1485,0.9846236093750516
zomato_7428,yelp_468,0.96337091985955
zomato_623,yelp_2080,0.9846236093750516
zomato_2042,yelp_8564,0.9846236093750516
zomato_6316,yelp_673,0.9846236093750516
zomato_3022,yelp_1553,0.9846236093750516
zomato_1063,yelp_2775,0.9846236093750516
zomato_1509,yelp_8077,0.9846236093750516
zomato_1727,yelp_8379,0.9152712816475347
zomato_6885,yelp_40,0.9846236093750516
zomato_1945,yelp_8733,0.9846236093750516
zomato_757,yelp_2793,0.9846236093750516
zomato_6970,yelp_547,0.9846236093750516
zomato_2261,yelp_8577,0.9846236093750516
zomato_2176,yelp_8811,0.9846236093750516
zomato_2837,yelp_1695,0.9846236093750516
zomato_1639,yelp_7995,0.9846236093750516
zomato_1724,yelp_8094,0.9846236093750516
zomato_4267,yelp_1156,0.96337091985955
zomato_1506,yelp_8730,0.9846236093750516
zomato_1857,yelp_8462,0.9846236093750516
zomato_887,yelp_2915,0.9846236093750516
zomato_7600,yelp_11,0.9846236093750516
zomato_2173,yelp_8863,0.9846236093750516
zomato_536,yelp_2333,0.9152712816475347
zomato_2838,yelp_1044,0.9846236093750516
zomato_2923,yelp_1341,0.9846236093750516
zomato_7071,yelp_416,0.9846236093750516
zomato_6536,yelp_33,0.9846236093750516
zomato_1942,yelp_8128,0.9846236093750516
zomato_1507,yelp_8167,0.9846236093750516
zomato_2089,yelp_8744,0.9846236093750516
zomato_840,yelp_2726,0.9846236093750516
zomato_1858,yelp_8549,0.9261222251829263
zomato_1725,yelp_8450,0.9846236093750516
zomato_2392,yelp_1594,0.9846236093750516
zomato_622,yelp_2313,0.9846236093750516
zomato_2041,yelp_8025,0.9426974094271849
zomato_2835,yelp_1498,0.95133869531741
zomato_7290,yelp_493,0.9846236093750516
zomato_7072,yelp_275,0.9846236093750516
zomato_1637,yelp_8919,0.9846236093750516
zomato_6755,yelp_358,0.9846236093750516
zomato_1988,yelp_8303,0.9846236093750516
zomato_1504,yelp_8180,0.9846236093750516
zomato_3901,yelp_1970,0.9846236093750516
zomato_2171,yelp_7961,0.8929166925224458
zomato_2701,yelp_1297,0.9846236093750516
zomato_6840,yelp_769,0.9846236093750516
zomato_627,yelp_1999,0.9846236093750516
zomato_2086,yelp_8429,0.9846236093750516
zomato_712,yelp_2530,0.8929166925224458
zomato_629,yelp_2853,0.95133869531741
zomato_2969,yelp_1757,0.9846236093750516
zomato_2703,yelp_1453,0.9846236093750516
zomato_1940,yelp_8401,0.9846236093750516
zomato_3066,yelp_1057,0.717976408997218
zomato_3199,yelp_1951,0.9846236093750516
zomato_6889,yelp_92,0.9846236093750516
zomato_1856,yelp_8224,0.9261222251829263
zomato_1505,yelp_8473,0.9846236093750516
zomato_1638,yelp_8399,0.9846236093750516
zomato_6623,yelp_612,0.9846236093750516
zomato_6841,yelp_56,0.9846236093750516
zomato_6974,yelp_391,0.9846236093750516
zomato_4264,yelp_1420,0.9846236093750516
zomato_4046,yelp_1008,0.9846236093750516
zomato_628,yelp_2590,0.9846236093750516
zomato_2748,yelp_1710,0.8086671543320266
zomato_1852,yelp_8750,0.9426974094271849
zomato_1501,yelp_8560,0.9846236093750516
zomato_1634,yelp_8061,0.9846236093750516
zomato_1768,yelp_8412,0.9261222251829263
zomato_1635,yelp_8658,0.9846236093750516
zomato_758,yelp_2788,0.9846236093750516
zomato_4263,yelp_1274,0.9846236093750516
zomato_843,yelp_2315,0.9846236093750516
zomato_2084,yelp_8893,0.9152712816475347
zomato_3947,yelp_1635,0.9846236093750516
zomato_3812,yelp_1133,0.9846236093750516
zomato_2834,yelp_1209,0.9846236093750516
zomato_3064,yelp_1966,0.9846236093750516
zomato_1720,yelp_8769,0.9846236093750516
zomato_1853,yelp_8135,0.9846236093750516
zomato_1986,yelp_8772,0.9846236093750516
zomato_1987,yelp_8063,0.9846236093750516
zomato_1503,yelp_8091,0.9846236093750516
zomato_1769,yelp_8557,0.9846236093750516
zomato_844,yelp_2475,0.9846236093750516
zomato_4177,yelp_1027,0.9846236093750516
zomato_626,yelp_2878,0.9846236093750516
zomato_3946,yelp_1862,0.9846236093750516
zomato_408,yelp_2913,0.9846236093750516
zomato_2170,yelp_8855,0.9426974094271849
zomato_6095,yelp_705,0.9846236093750516
zomato_2085,yelp_8620,0.9846236093750516
zomato_711,yelp_2677,0.9846236093750516
zomato_2746,yelp_1073,0.9846236093750516
zomato_1414,yelp_2510,0.9846236093750516
zomato_1983,yelp_8595,0.9846236093750516
zomato_1632,yelp_8731,0.9846236093750516
zomato_1850,yelp_8368,0.9846236093750516
zomato_663,yelp_2352,0.9846236093750516
zomato_1899,yelp_8541,0.9846236093750516
zomato_2082,yelp_8338,0.9846236093750516
zomato_3727,yelp_1393,0.9846236093750516
zomato_4176,yelp_1895,0.9846236093750516
zomato_227,yelp_2613,0.9846236093750516
zomato_5998,yelp_342,0.9846236093750516
zomato_7608,yelp_580,0.9152712816475347
zomato_3810,yelp_1454,0.9846236093750516
zomato_43,yelp_2713,0.9846236093750516
zomato_5865,yelp_438,0.9846236093750516
zomato_2614,yelp_1490,0.9846236093750516
zomato_1984,yelp_8374,0.9261222251829263
zomato_1851,yelp_8755,0.9846236093750516
zomato_1766,yelp_8092,0.9846236093750516
zomato_2529,yelp_1476,0.9846236093750516
zomato_1500,yelp_8223,0.9846236093750516
zomato_6845,yelp_904,0.9846236093750516
zomato_6978,yelp_548,0.9846236093750516
zomato_1549,yelp_7971,0.9846236093750516
zomato_1767,yelp_8315,0.9152712816475347
zomato_1416,yelp_2864,0.8929166925224458
zomato_882,yelp_2424,0.9846236093750516
zomato_2613,yelp_1246,0.9846236093750516
zomato_2083,yelp_7996,0.9846236093750516
zomato_2080,yelp_8524,0.9846236093750516
zomato_1545,yelp_8567,0.9846236093750516
zomato_1896,yelp_8406,0.9846236093750516
zomato_1678,yelp_8127,0.9846236093750516
zomato_2659,yelp_1057,0.9846236093750516
zomato_2308,yelp_8065,0.9846236093750516
zomato_1630,yelp_8096,0.9846236093750516
zomato_3061,yelp_1213,0.9846236093750516
zomato_3194,yelp_1718,0.9846236093750516
zomato_1981,yelp_8810,0.9426974094271849
zomato_6629,yelp_298,0.9846236093750516
zomato_661,yelp_2879,0.9846236093750516
zomato_1328,yelp_2531,0.9846236093750516
zomato_3507,yelp_1675,0.9846236093750516
zomato_2743,yelp_1395,0.9846236093750516
zomato_4174,yelp_1102,0.9846236093750516
zomato_225,yelp_2242,0.9152712816475347
zomato_45,yelp_2758,0.9846236093750516
zomato_1764,yelp_8191,0.9152712816475347
zomato_1546,yelp_8269,0.8565032596483677
zomato_1631,yelp_8263,0.9261222251829263
zomato_2309,yelp_8301,0.9846236093750516
zomato_3193,yelp_1319,0.9846236093750516
zomato_1982,yelp_7985,0.9846236093750516
zomato_795,yelp_2724,0.9846236093750516
zomato_6714,yelp_51,0.9846236093750516
zomato_1547,yelp_8137,0.9846236093750516
zomato_2962,yelp_1088,0.9846236093750516
zomato_577,yelp_2725,0.9846236093750516
zomato_3940,yelp_1000,0.9846236093750516
zomato_3988,yelp_1115,0.9846236093750516
zomato_1458,yelp_8481,0.9846236093750516
zomato_1543,yelp_8149,0.9846236093750516
zomato_7250,yelp_203,0.9846236093750516
zomato_1894,yelp_7987,0.9846236093750516
zomato_1761,yelp_8211,0.9846236093750516
zomato_752,yelp_2600,0.9846236093750516
zomato_6800,yelp_362,0.9846236093750516
zomato_2305,yelp_8076,0.95133869531741
zomato_1459,yelp_8427,0.9846236093750516
zomato_449,yelp_2003,0.9846236093750516
zomato_3505,yelp_1764,0.9846236093750516
zomato_667,yelp_2427,0.9152712816475347
zomato_5954,yelp_55,0.9846236093750516
zomato_3987,yelp_1480,0.9846236093750516
zomato_2307,yelp_8767,0.9846236093750516
zomato_1677,yelp_8246,0.9846236093750516
zomato_1544,yelp_8464,0.8086671543320266
zomato_1762,yelp_8359,0.9846236093750516
zomato_6801,yelp_689,0.9846236093750516
zomato_7251,yelp_929,0.9846236093750516
zomato_6934,yelp_320,0.9846236093750516
zomato_971,yelp_2026,0.9846236093750516
zomato_7033,yelp_652,0.9846236093750516
zomato_886,yelp_2347,0.9846236093750516
zomato_1109,yelp_2361,0.9846236093750516
zomato_2742,yelp_1064,0.9846236093750516
zomato_402,yelp_2520,0.9846236093750516
zomato_535,yelp_2891,0.9846236093750516
zomato_3635,yelp_1167,0.9846236093750516
zomato_3502,yelp_1114,0.9846236093750516
zomato_1589,yelp_8409,0.9426974094271849
zomato_1456,yelp_8213,0.9846236093750516
zomato_1892,yelp_8702,0.9846236093750516
zomato_1541,yelp_8123,0.9846236093750516
zomato_1674,yelp_8794,0.9846236093750516
zomato_750,yelp_2147,0.9846236093750516
zomato_7252,yelp_396,0.9846236093750516
zomato_532,yelp_2040,0.8929166925224458
zomato_6802,yelp_381,0.9846236093750516
zomato_2303,yelp_7950,0.9846236093750516
zomato_1239,yelp_2289,0.9846236093750516
zomato_4085,yelp_1923,0.9846236093750516
zomato_447,yelp_2408,0.9846236093750516
zomato_3985,yelp_1586,0.9846236093750516
zomato_3501,yelp_1666,0.9846236093750516
zomato_3634,yelp_1269,0.9846236093750516
zomato_1106,yelp_2471,0.9846236093750516
zomato_1675,yelp_8566,0.9846236093750516
zomato_1760,yelp_8436,0.9846236093750516
zomato_1893,yelp_8243,0.9846236093750516
zomato_751,yelp_2910,0.9846236093750516
zomato_2304,yelp_8313,0.9846236093750516
zomato_5945,yelp_291,0.717976408997218
zomato_3996,yelp_1569,0.9846236093750516
zomato_3512,yelp_1405,0.9846236093750516
zomato_3645,yelp_1270,0.9846236093750516
zomato_3778,yelp_1969,0.9846236093750516
zomato_1599,yelp_8142,0.9846236093750516
zomato_1466,yelp_8206,0.9846236093750516
zomato_1333,yelp_2916,0.9846236093750516
zomato_1551,yelp_8293,0.9846236093750516
zomato_279,yelp_2258,0.9846236093750516
zomato_7593,yelp_890,0.9846236093750516
zomato_2313,yelp_7986,0.9846236093750516
zomato_2228,yelp_8538,0.9846236093750516
zomato_2579,yelp_1884,0.9846236093750516
zomato_582,yelp_2702,0.9846236093750516
zomato_5813,yelp_129,0.9846236093750516
zomato_3426,yelp_1638,0.9846236093750516
zomato_3559,yelp_1809,0.9846236093750516
zomato_1116,yelp_2028,0.9846236093750516
zomato_1467,yelp_8327,0.9846236093750516
zomato_1552,yelp_7960,0.9846236093750516
zomato_365,yelp_2256,0.9523271326178216
zomato_7025,yelp_270,0.9846236093750516
zomato_498,yelp_2139,0.9846236093750516
zomato_2447,yelp_1799,0.9846236093750516
zomato_2798,yelp_1756,0.9846236093750516
zomato_4093,yelp_1910,0.9846236093750516
zomato_3643,yelp_1848,0.9846236093750516
zomato_1246,yelp_2063,0.9846236093750516
zomato_1028,yelp_2338,0.9846236093750516
zomato_1379,yelp_1996,0.9846236093750516
zomato_2009,yelp_8069,0.9846236093750516
zomato_1597,yelp_8924,0.9846236093750516
zomato_1464,yelp_8150,0.9846236093750516
zomato_7026,yelp_636,0.8086671543320266
zomato_277,yelp_2834,0.9846236093750516
zomato_2311,yelp_7953,0.9261222251829263
zomato_2226,yelp_8259,0.9152712816475347
zomato_2008,yelp_8027,0.9152712816475347
zomato_495,yelp_2564,0.9846236093750516
zomato_3860,yelp_1960,0.9846236093750516
zomato_1598,yelp_8678,0.9846236093750516
zomato_85,yelp_2037,0.9846236093750516
zomato_1465,yelp_8280,0.9261222251829263
zomato_1332,yelp_2176,0.9846236093750516
zomato_1550,yelp_8832,0.7740033519269733
zomato_1683,yelp_8294,0.9152712816475347
zomato_7681,yelp_574,0.9846236093750516
zomato_2530,yelp_1789,0.9846236093750516
zomato_2312,yelp_8145,0.9846236093750516
zomato_7027,yelp_27,0.9846236093750516
zomato_7378,yelp_440,0.9846236093750516
zomato_7245,yelp_984,0.9846236093750516
zomato_2227,yelp_7954,0.9846236093750516
zomato_1680,yelp_8158,0.7104894121497599
zomato_1111,yelp_2169,0.9846236093750516
zomato_3423,yelp_1742,0.9846236093750516
zomato_1244,yelp_2407,0.9846236093750516
zomato_1026,yelp_2603,0.9846236093750516
zomato_6048,yelp_922,0.9846236093750516
zomato_4319,yelp_1365,0.9846236093750516
zomato_1595,yelp_8216,0.9846236093750516
zomato_1462,yelp_8286,0.9846236093750516
zomato_320,yelp_2978,0.9846236093750516
zomato_2224,yelp_8596,0.9846236093750516
zomato_2139,yelp_8221,0.9846236093750516
zomato_2006,yelp_8172,0.9846236093750516
zomato_1908,yelp_8365,0.9846236093750516
zomato_3555,yelp_1985,0.9846236093750516
zomato_1681,yelp_8461,0.9846236093750516
zomato_1245,yelp_2403,0.9846236093750516
zomato_5902,yelp_455,0.9846236093750516
zomato_6001,yelp_629,0.9846236093750516
zomato_1596,yelp_7949,0.9846236093750516
zomato_1463,yelp_7979,0.9846236093750516
zomato_672,yelp_2655,0.9846236093750516
zomato_2310,yelp_8253,0.9261222251829263
zomato_587,yelp_2355,0.9846236093750516
zomato_2225,yelp_8928,0.8929166925224458
zomato_7332,yelp_312,0.9846236093750516
zomato_236,yelp_2101,0.9846236093750516
zomato_3203,yelp_1873,0.9846236093750516
zomato_1242,yelp_2593,0.9846236093750516
zomato_1593,yelp_8506,0.9846236093750516
zomato_1460,yelp_8578,0.9261222251829263
zomato_3469,yelp_1851,0.9846236093750516
zomato_3336,yelp_1069,0.9846236093750516
zomato_6002,yelp_802,0.9846236093750516
zomato_4316,yelp_1568,0.9846236093750516
zomato_584,yelp_2810,0.9846236093750516
zomato_2004,yelp_8530,0.9846236093750516
zomato_100,yelp_2159,0.9846236093750516
zomato_2355,yelp_1374,0.9846236093750516
zomato_7466,yelp_379,0.9152712816475347
zomato_1461,yelp_8088,0.96337091985955
zomato_1110,yelp_2815,0.9846236093750516
zomato_3117,yelp_1125,0.9846236093750516
zomato_1025,yelp_2326,0.9846236093750516
zomato_6572,yelp_606,0.9846236093750516
zomato_6221,yelp_864,0.9846236093750516
zomato_3468,yelp_1168,0.9846236093750516
zomato_1376,yelp_2869,0.8929166925224458
zomato_1594,yelp_8054,0.9846236093750516
zomato_234,yelp_2930,0.9846236093750516
zomato_585,yelp_2555,0.9846236093750516
zomato_2223,yelp_8173,0.9846236093750516
zomato_101,yelp_2814,0.9846236093750516
zomato_7552,yelp_189,0.9846236093750516
zomato_7201,yelp_729,0.9846236093750516
zomato_2005,yelp_7969,0.9846236093750516
zomato_1907,yelp_8008,0.9846236093750516
zomato_1373,yelp_2645,0.9426974094271849
zomato_1022,yelp_2206,0.9846236093750516
zomato_1591,yelp_8156,0.9846236093750516
zomato_6137,yelp_14,0.9846236093750516
zomato_1288,yelp_2182,0.9846236093750516
zomato_3770,yelp_1628,0.9846236093750516
zomato_2135,yelp_8925,0.9846236093750516
zomato_2002,yelp_8784,0.9426974094271849
zomato_7468,yelp_44,0.9846236093750516
zomato_1819,yelp_8891,0.9846236093750516
zomato_2220,yelp_8923,0.9846236093750516
zomato_801,yelp_2554,0.9846236093750516
zomato_3466,yelp_1126,0.9846236093750516
zomato_1592,yelp_8087,0.9846236093750516
zomato_3248,yelp_1466,0.9846236093750516
zomato_6138,yelp_29,0.9846236093750516
zomato_2003,yelp_8553,0.9846236093750516
zomato_2221,yelp_8306,0.9846236093750516
zomato_2136,yelp_8249,0.9846236093750516
zomato_1905,yelp_8440,0.9846236093750516
zomato_187,yelp_2789,0.9846236093750516
zomato_2269,yelp_8240,0.8929166925224458
zomato_272,yelp_2191,0.9846236093750516
zomato_6792,yelp_801,0.9846236093750516
zomato_3598,yelp_1275,0.9846236093750516
zomato_3114,yelp_1413,0.9846236093750516
zomato_1020,yelp_2854,0.9846236093750516
zomato_1817,yelp_8067,0.9846236093750516
zomato_7555,yelp_156,0.9846236093750516
zomato_1902,yelp_8234,0.8929166925224458
zomato_932,yelp_2619,0.9846236093750516
zomato_714,yelp_2513,0.8929166925224458
zomato_2000,yelp_8059,0.9846236093750516
zomato_1154,yelp_2876,0.9846236093750516
zomato_1590,yelp_8343,0.9426974094271849
zomato_3597,yelp_1381,0.9846236093750516
zomato_1069,yelp_2975,0.9846236093750516
zomato_3331,yelp_1795,0.9846236093750516
zomato_1021,yelp_2539,0.9846236093750516
zomato_1818,yelp_8036,0.9426974094271849
zomato_2001,yelp_8389,0.9846236093750516
zomato_2267,yelp_8021,0.9846236093750516
zomato_4311,yelp_1095,0.9846236093750516
zomato_7689,yelp_855,0.9846236093750516
zomato_715,yelp_2618,0.9846236093750516
zomato_2570,yelp_1321,0.9846236093750516
zomato_2928,yelp_1882,0.9846236093750516
zomato_939,yelp_2897,0.9846236093750516
zomato_6444,yelp_840,0.9846236093750516
zomato_3909,yelp_1875,0.9846236093750516
zomato_6795,yelp_152,0.9846236093750516
zomato_2131,yelp_8513,0.9261222251829263
zomato_1067,yelp_2693,0.9846236093750516
zomato_3159,yelp_1166,0.9846236093750516
zomato_3462,yelp_1598,0.9846236093750516
zomato_1816,yelp_8322,0.9846236093750516
zomato_1949,yelp_8273,0.9846236093750516
zomato_143,yelp_2199,0.9846236093750516
zomato_1901,yelp_8205,0.95133869531741
zomato_7207,yelp_124,0.9846236093750516
zomato_7558,yelp_368,0.9846236093750516
zomato_2132,yelp_8038,0.9846236093750516
zomato_3908,yelp_1869,0.9846236093750516
zomato_1282,yelp_2053,0.9846236093750516
zomato_719,yelp_2415,0.9846236093750516
zomato_3158,yelp_1474,0.9846236093750516
zomato_6446,yelp_34,0.9846236093750516
zomato_3461,yelp_1596,0.9846236093750516
zomato_1728,yelp_8346,0.9846236093750516
zomato_2177,yelp_8037,0.9846236093750516
zomato_7511,yelp_888,0.9846236093750516
zomato_1813,yelp_8382,0.9846236093750516
zomato_7426,yelp_13,0.9846236093750516
zomato_7644,yelp_168,0.9846236093750516
zomato_2262,yelp_8393,0.9846236093750516
zomato_936,yelp_2066,0.9846236093750516
zomato_1150,yelp_2492,0.9846236093750516
zomato_1947,yelp_8350,0.9261222251829263
zomato_2045,yelp_8790,0.9261222251829263
zomato_2178,yelp_8704,0.9152712816475347
zomato_1729,yelp_8333,0.9846236093750516
zomato_6750,yelp_476,0.9846236093750516
zomato_4222,yelp_1549,0.9846236093750516
zomato_2130,yelp_8636,0.9261222251829263
zomato_5783,yelp_530,0.9846236093750516
zomato_1074,yelp_2623,0.9846236093750516
zomato_6109,yelp_755,0.9846236093750516
zomato_4148,yelp_1401,0.9846236093750516
zomato_1605,yelp_8043,0.9846236093750516
zomato_6678,yelp_254,0.9846236093750516
zomato_1956,yelp_8940,0.9426974094271849
zomato_4100,yelp_1632,0.9846236093750516
zomato_853,yelp_2936,0.9846236093750516
zomato_720,yelp_2785,0.9846236093750516
zomato_2054,yelp_8009,0.9261222251829263
zomato_502,yelp_2375,0.9846236093750516
zomato_3470,yelp_1855,0.9846236093750516
zomato_1160,yelp_2777,0.9846236093750516
zomato_1739,yelp_8581,0.9846236093750516
zomato_1606,yelp_7958,0.9846236093750516
zomato_4014,yelp_1547,0.9846236093750516
zomato_1824,yelp_8492,0.8565032596483677
zomato_636,yelp_2036,0.9846236093750516
zomato_6631,yelp_879,0.9846236093750516
zomato_769,yelp_2767,0.9846236093750516
zomato_2273,yelp_8897,0.9846236093750516
zomato_721,yelp_2394,0.9846236093750516
zomato_2849,yelp_1671,0.9846236093750516
zomato_5870,yelp_899,0.9846236093750516
zomato_3033,yelp_1257,0.9846236093750516
zomato_1072,yelp_2769,0.9846236093750516
zomato_1953,yelp_8803,0.9846236093750516
zomato_6329,yelp_613,0.8086671543320266
zomato_4279,yelp_1627,0.9846236093750516
zomato_1869,yelp_8395,0.9846236093750516
zomato_1603,yelp_8881,0.9846236093750516
zomato_1736,yelp_8830,0.9261222251829263
zomato_2052,yelp_8044,0.9846236093750516
zomato_766,yelp_2637,0.9846236093750516
zomato_7527,yelp_497,0.9846236093750516
zomato_1821,yelp_8178,0.9846236093750516
zomato_1519,yelp_7968,0.7104894121497599
zomato_1604,yelp_8441,0.9846236093750516
zomato_1955,yelp_8477,0.9261222251829263
zomato_4230,yelp_1296,0.95133869531741
zomato_2271,yelp_7998,0.9846236093750516
zomato_852,yelp_2497,0.9846236093750516
zomato_501,yelp_2798,0.9846236093750516
zomato_767,yelp_2185,0.9846236093750516
zomato_2714,yelp_1715,0.9846236093750516
zomato_3164,yelp_1693,0.9846236093750516
zomato_1733,yelp_8517,0.9846236093750516
zomato_1867,yelp_8913,0.9846236093750516
zomato_1516,yelp_7963,0.9846236093750516
zomato_1734,yelp_8552,0.9846236093750516
zomato_1649,yelp_8051,0.9846236093750516
zomato_6852,yelp_730,0.9846236093750516
zomato_4059,yelp_1983,0.9846236093750516
zomato_506,yelp_2813,0.9846236093750516
zomato_639,yelp_2760,0.9846236093750516
zomato_857,yelp_2127,0.9846236093750516
zomato_508,yelp_2013,0.9846236093750516
zomato_3911,yelp_1935,0.9846236093750516
zomato_1601,yelp_8676,0.9846236093750516
zomato_1071,yelp_2824,0.9846236093750516
zomato_280,yelp_2031,0.9846236093750516
zomato_1735,yelp_8623,0.9846236093750516
zomato_1517,yelp_8358,0.9846236093750516
zomato_4058,yelp_1360,0.9846236093750516
zomato_1602,yelp_8090,0.9846236093750516
zomato_195,yelp_2962,0.9846236093750516
zomato_2051,yelp_7951,0.9426974094271849
zomato_2099,yelp_8605,0.8086671543320266
zomato_2184,yelp_8435,0.9846236093750516
zomato_5874,yelp_90,0.9846236093750516
zomato_1513,yelp_8512,0.9846236093750516
zomato_1997,yelp_8267,0.7104894121497599
zomato_1864,yelp_8593,0.9846236093750516
zomato_3295,yelp_1217,0.9846236093750516
zomato_1998,yelp_8064,0.8086671543320266
zomato_1514,yelp_8093,0.9846236093750516
zomato_4057,yelp_1601,0.9846236093750516
zomato_2181,yelp_8802,0.9846236093750516
zomato_3826,yelp_1821,0.9846236093750516
zomato_7616,yelp_575,0.9846236093750516
zomato_2979,yelp_1355,0.9846236093750516
zomato_3294,yelp_1247,0.9846236093750516
zomato_1865,yelp_8241,0.9846236093750516
zomato_1732,yelp_8599,0.9846236093750516
zomato_1648,yelp_8132,0.96337091985955
zomato_7087,yelp_88,0.9846236093750516
zomato_6855,yelp_148,0.9846236093750516
zomato_1515,yelp_8428,0.9846236093750516
zomato_505,yelp_2029,0.9846236093750516
zomato_2182,yelp_8210,0.9846236093750516
zomato_3607,yelp_1858,0.9846236093750516
zomato_4274,yelp_1778,0.9846236093750516
zomato_4141,yelp_1779,0.9846236093750516
zomato_7617,yelp_433,0.9846236093750516
zomato_723,yelp_2120,0.9846236093750516
zomato_3823,yelp_1988,0.9846236093750516
zomato_2625,yelp_1173,0.9846236093750516
zomato_1644,yelp_8789,0.9846236093750516
zomato_1862,yelp_8766,0.9846236093750516
zomato_1777,yelp_8175,0.9846236093750516
zomato_1511,yelp_8534,0.9846236093750516
zomato_7391,yelp_553,0.9846236093750516
zomato_6856,yelp_451,0.9846236093750516
zomato_542,yelp_2105,0.9846236093750516
zomato_1778,yelp_8941,0.9261222251829263
zomato_2624,yelp_1839,0.9846236093750516
zomato_4055,yelp_1404,0.9846236093750516
zomato_457,yelp_2373,0.9846236093750516
zomato_79,yelp_2402,0.9846236093750516
zomato_1863,yelp_8847,0.9261222251829263
zomato_1512,yelp_8523,0.9846236093750516
zomato_1730,yelp_8539,0.9846236093750516
zomato_1645,yelp_8236,0.9846236093750516
zomato_3292,yelp_1672,0.9846236093750516
zomato_1996,yelp_8285,0.9846236093750516
zomato_6942,yelp_588,0.9846236093750516
zomato_894,yelp_2100,0.9846236093750516
zomato_1428,yelp_2086,0.9846236093750516
zomato_1646,yelp_8279,0.9846236093750516
zomato_2180,yelp_8198,0.9846236093750516
zomato_4054,yelp_1243,0.9846236093750516
zomato_4187,yelp_1876,0.9846236093750516
zomato_676,yelp_2155,0.9846236093750516
zomato_325,yelp_2245,0.8929166925224458
zomato_458,yelp_2755,0.9846236093750516
zomato_32,yelp_2528,0.9152712816475347
zomato_1775,yelp_8613,0.8086671543320266
zomato_1642,yelp_8511,0.9846236093750516
zomato_7260,yelp_101,0.9846236093750516
zomato_1860,yelp_8184,0.9846236093750516
zomato_673,yelp_2271,0.9846236093750516
zomato_540,yelp_2099,0.9846236093750516
zomato_1558,yelp_8669,0.9261222251829263
zomato_2092,yelp_8168,0.9261222251829263
zomato_588,yelp_2958,0.9846236093750516
zomato_6062,yelp_397,0.9846236093750516
zomato_6063,yelp_714,0.9846236093750516
zomato_3602,yelp_1119,0.9846236093750516
zomato_3820,yelp_1123,0.9846236093750516
zomato_1994,yelp_8837,0.95133869531741
zomato_1510,yelp_8057,0.9846236093750516
zomato_1776,yelp_8391,0.9846236093750516
zomato_1861,yelp_8681,0.9846236093750516
zomato_7176,yelp_824,0.9846236093750516
zomato_6811,yelp_225,0.9846236093750516
zomato_3736,yelp_1854,0.9846236093750516
zomato_2093,yelp_8166,0.9846236093750516
zomato_2974,yelp_1665,0.9846236093750516
zomato_4052,yelp_1414,0.9846236093750516
zomato_589,yelp_2752,0.8929166925224458
zomato_4270,yelp_1143,0.9846236093750516
zomato_105,yelp_2578,0.9846236093750516
zomato_3734,yelp_1111,0.9846236093750516
zomato_1422,yelp_2633,0.9846236093750516
zomato_1640,yelp_8499,0.9846236093750516
zomato_1991,yelp_8650,0.9846236093750516
zomato_1773,yelp_8278,0.9846236093750516
zomato_631,yelp_2011,0.9846236093750516
zomato_897,yelp_2278,0.9152712816475347
zomato_413,yelp_2591,0.96337091985955
zomato_4184,yelp_1746,0.9846236093750516
zomato_6282,yelp_281,0.9846236093750516
zomato_546,yelp_2524,0.9846236093750516
zomato_3515,yelp_1040,0.9846236093750516
zomato_2091,yelp_8353,0.9846236093750516
zomato_3600,yelp_1350,0.9846236093750516
zomato_1205,yelp_2488,0.9846236093750516
zomato_1556,yelp_8495,0.9846236093750516
zomato_1774,yelp_8500,0.9152712816475347
zomato_1689,yelp_8019,0.9261222251829263
zomato_1423,yelp_2254,0.9846236093750516
zomato_7481,yelp_948,0.7104894121497599
zomato_1641,yelp_8105,0.8339603611407427
zomato_1992,yelp_8208,0.9846236093750516
zomato_7263,yelp_197,0.9846236093750516
zomato_1339,yelp_2564,0.9846236093750516
zomato_3649,yelp_1436,0.8929166925224458
zomato_547,yelp_2001,0.9846236093750516
zomato_3950,yelp_1709,0.9846236093750516
zomato_3998,yelp_1720,0.9846236093750516
zomato_1686,yelp_8812,0.9846236093750516
zomato_1771,yelp_8121,0.9846236093750516
zomato_1553,yelp_8431,0.9261222251829263
zomato_7046,yelp_815,0.9846236093750516
zomato_6947,yelp_311,0.8086671543320266
zomato_2400,yelp_1013,0.9846236093750516
zomato_411,yelp_2213,0.9846236093750516
zomato_895,yelp_2119,0.9846236093750516
zomato_2315,yelp_8200,0.9846236093750516
zomato_677,yelp_2264,0.9846236093750516
zomato_5968,yelp_443,0.9846236093750516
zomato_3997,yelp_1380,0.9846236093750516
zomato_3513,yelp_1542,0.9846236093750516
zomato_1469,yelp_8700,0.9846236093750516
zomato_1554,yelp_8291,0.9846236093750516
zomato_1687,yelp_8220,0.9261222251829263
zomato_1990,yelp_8864,0.9846236093750516
zomato_6816,yelp_758,0.9846236093750516
zomato_1772,yelp_8932,0.9846236093750516
zomato_7047,yelp_155,0.9846236093750516
zomato_630,yelp_2606,0.9846236093750516
zomato_6900,yelp_112,0.9846236093750516
zomato_763,yelp_2438,0.9846236093750516
zomato_2401,yelp_1037,0.9846236093750516
zomato_981,yelp_2831,0.9846236093750516
zomato_2752,yelp_1346,0.9846236093750516
zomato_907,yelp_2046,0.9846236093750516
zomato_1478,yelp_8310,0.9846236093750516
zomato_1563,yelp_8475,0.9426974094271849
zomato_1696,yelp_8405,0.9846236093750516
zomato_1781,yelp_8705,0.9846236093750516
zomato_6805,yelp_803,0.9846236093750516
zomato_6938,yelp_32,0.9846236093750516
zomato_6804,yelp_93,0.9846236093750516
zomato_7472,yelp_738,0.9846236093750516
zomato_2410,yelp_1389,0.9846236093750516
zomato_110,yelp_2682,0.9846236093750516
zomato_2761,yelp_1531,0.9846236093750516
zomato_4191,yelp_1487,0.9846236093750516
zomato_3874,yelp_1212,0.9846236093750516
zomato_6275,yelp_914,0.9846236093750516
zomato_6057,yelp_776,0.9846236093750516
zomato_3656,yelp_1175,0.9846236093750516
zomato_1479,yelp_8423,0.9846236093750516
zomato_1697,yelp_8028,0.9846236093750516
zomato_6939,yelp_146,0.9846236093750516
zomato_1782,yelp_8185,0.9846236093750516
zomato_1564,yelp_8023,0.9846236093750516
zomato_6806,yelp_816,0.9846236093750516
zomato_7122,yelp_567,0.9846236093750516
zomato_680,yelp_2341,0.9846236093750516
zomato_2459,yelp_1815,0.9846236093750516
zomato_2326,yelp_1207,0.9846236093750516
zomato_1129,yelp_2205,0.9846236093750516
zomato_3439,yelp_1024,0.8086671543320266
zomato_6058,yelp_421,0.9846236093750516
zomato_1125,yelp_2192,0.9846236093750516
zomato_3304,yelp_1335,0.9846236093750516
zomato_72,yelp_2965,0.9846236093750516
zomato_1476,yelp_8708,0.9846236093750516
zomato_1561,yelp_8101,0.9846236093750516
zomato_7389,yelp_916,0.9846236093750516
zomato_2105,yelp_8459,0.9846236093750516
zomato_2238,yelp_8465,0.9426974094271849
zomato_906,yelp_2884,0.9846236093750516
zomato_3654,yelp_1295,0.9846236093750516
zomato_1211,yelp_2565,0.9846236093750516
zomato_1780,yelp_8100,0.9846236093750516
zomato_6144,yelp_954,0.9846236093750516
zomato_1477,yelp_8085,0.9846236093750516
zomato_1695,yelp_8231,0.9846236093750516
zomato_1562,yelp_8297,0.9846236093750516
zomato_7560,yelp_393,0.9846236093750516
zomato_593,yelp_2967,0.9846236093750516
zomato_2893,yelp_1378,0.9846236093750516
zomato_3653,yelp_1964,0.9846236093750516
zomato_3871,yelp_1890,0.9846236093750516
zomato_1692,yelp_8001,0.9846236093750516
zomato_5913,yelp_991,0.9846236093750516
zomato_6230,yelp_253,0.9846236093750516
zomato_3435,yelp_1647,0.9846236093750516
zomato_1389,yelp_2971,0.9846236093750516
zomato_1474,yelp_8203,0.9261222251829263
zomato_7561,yelp_255,0.9846236093750516
zomato_465,yelp_2269,0.9846236093750516
zomato_2587,yelp_1950,0.9846236093750516
zomato_332,yelp_2895,0.9846236093750516
zomato_2018,yelp_8337,0.9846236093750516
zomato_550,yelp_2087,0.9846236093750516
zomato_1560,yelp_8053,0.9846236093750516
zomato_3301,yelp_1546,0.9846236093750516
zomato_6231,yelp_274,0.9846236093750516
zomato_1257,yelp_1994,0.9846236093750516
zomato_6279,yelp_294,0.9846236093750516
zomato_1039,yelp_2295,0.9846236093750516
zomato_1475,yelp_8502,0.9846236093750516
zomato_3870,yelp_1686,0.9846236093750516
zomato_684,yelp_2931,0.9846236093750516
zomato_551,yelp_2389,0.9846236093750516
zomato_2455,yelp_1937,0.9846236093750516
zomato_4329,yelp_1471,0.9152712816475347
zomato_200,yelp_2647,0.9846236093750516
zomato_7126,yelp_105,0.9846236093750516
zomato_2104,yelp_8106,0.9846236093750516
zomato_7211,yelp_719,0.9846236093750516
zomato_599,yelp_2401,0.9846236093750516
zomato_5915,yelp_555,0.9846236093750516
zomato_115,yelp_2615,0.9846236093750516
zomato_1472,yelp_8348,0.9846236093750516
zomato_3784,yelp_1797,0.9846236093750516
zomato_1254,yelp_2563,0.9846236093750516
zomato_1690,yelp_8030,0.8929166925224458
zomato_6232,yelp_54,0.9846236093750516
zomato_1387,yelp_2948,0.8086671543320266
zomato_596,yelp_2955,0.9846236093750516
zomato_2234,yelp_8546,0.717976408997218
zomato_2101,yelp_8418,0.8929166925224458
zomato_330,yelp_2477,0.9846236093750516
zomato_7212,yelp_820,0.9846236093750516
zomato_2016,yelp_8072,0.95133869531741
zomato_1918,yelp_8699,0.8086671543320266
zomato_2670,yelp_1281,0.9846236093750516
zomato_5916,yelp_137,0.9846236093750516
zomato_1691,yelp_8229,0.9846236093750516
zomato_3565,yelp_1139,0.9846236093750516
zomato_1340,yelp_2534,0.9846236093750516
zomato_77,yelp_2558,0.9846236093750516
zomato_3347,yelp_1673,0.9846236093750516
zomato_1388,yelp_2210,0.9846236093750516
zomato_3650,yelp_1035,0.9846236093750516
zomato_1473,yelp_8192,0.9846236093750516
zomato_113,yelp_2899,0.9846236093750516
zomato_464,yelp_2507,0.9846236093750516
zomato_331,yelp_2024,0.9846236093750516
zomato_597,yelp_2783,0.9846236093750516
zomato_7346,yelp_154,0.9846236093750516
zomato_2368,yelp_1904,0.9846236093750516
zomato_682,yelp_2085,0.9846236093750516
zomato_2017,yelp_8609,0.9846236093750516
zomato_1919,yelp_8773,0.9846236093750516
zomato_3346,yelp_1938,0.9846236093750516
zomato_3128,yelp_1459,0.9152712816475347
zomato_1167,yelp_2687,0.9846236093750516
zomato_1470,yelp_8768,0.9846236093750516
zomato_3431,yelp_1018,0.8929166925224458
zomato_6101,yelp_608,0.9846236093750516
zomato_3782,yelp_1100,0.9846236093750516
zomato_2014,yelp_8390,0.9152712816475347
zomato_2365,yelp_1059,0.9846236093750516
zomato_4326,yelp_1579,0.9846236093750516
zomato_2232,yelp_7997,0.9426974094271849
zomato_2147,yelp_8258,0.9846236093750516
zomato_1916,yelp_8312,0.9261222251829263
zomato_7650,yelp_130,0.9846236093750516
zomato_283,yelp_2164,0.9846236093750516
zomato_3478,yelp_1836,0.9846236093750516
zomato_948,yelp_2395,0.9846236093750516
zomato_6102,yelp_141,0.9846236093750516
zomato_6368,yelp_300,0.9846236093750516
zomato_2100,yelp_8151,0.9846236093750516
zomato_1917,yelp_8835,0.9426974094271849
zomato_4107,yelp_1915,0.9846236093750516
zomato_7566,yelp_374,0.9846236093750516
zomato_2148,yelp_8856,0.9846236093750516
zomato_7300,yelp_975,0.9846236093750516
zomato_1914,yelp_8117,0.9846236093750516
zomato_2012,yelp_8586,0.7104894121497599
zomato_726,yelp_2071,0.9846236093750516
zomato_2581,yelp_1577,0.9846236093750516
zomato_2363,yelp_1717,0.9846236093750516
zomato_728,yelp_2669,0.9846236093750516
zomato_6322,yelp_880,0.9846236093750516
zomato_3694,yelp_1084,0.9846236093750516
zomato_4238,yelp_1780,0.9846236093750516
zomato_1915,yelp_8162,0.9846236093750516
zomato_7653,yelp_912,0.9846236093750516
zomato_7520,yelp_439,0.9846236093750516
zomato_727,yelp_2007,0.9846236093750516
zomato_6891,yelp_708,0.9846236093750516
zomato_945,yelp_2923,0.9846236093750516
zomato_1381,yelp_2239,0.9846236093750516
zomato_6323,yelp_240,0.9846236093750516
zomato_590,yelp_2874,0.9846236093750516
zomato_6105,yelp_347,0.9846236093750516
zomato_1827,yelp_8125,0.9261222251829263
zomato_1609,yelp_8190,0.9846236093750516
zomato_2276,yelp_8179,0.7351165671464108
zomato_4104,yelp_1352,0.9846236093750516
zomato_1912,yelp_8666,0.9426974094271849
zomato_6892,yelp_117,0.9846236093750516
zomato_2010,yelp_8451,0.9261222251829263
zomato_2143,yelp_8592,0.9846236093750516
zomato_3389,yelp_1499,0.9846236093750516
zomato_3256,yelp_1222,0.9152712816475347
zomato_904,yelp_2116,0.9846236093750516
zomato_3038,yelp_1287,0.9846236093750516
zomato_6457,yelp_318,0.9846236093750516
zomato_6239,yelp_339,0.9846236093750516
zomato_3341,yelp_1039,0.9846236093750516
zomato_2277,yelp_8011,0.9426974094271849
zomato_2059,yelp_8479,0.9846236093750516
zomato_591,yelp_2753,0.9846236093750516
zomato_1913,yelp_8582,0.9846236093750516
zomato_7655,yelp_291,0.9846236093750516
zomato_2580,yelp_1853,0.9846236093750516
zomato_6410,yelp_326,0.9846236093750516
zomato_6543,yelp_211,0.9846236093750516
zomato_370,yelp_2088,0.9846236093750516
zomato_3122,yelp_1514,0.9846236093750516
zomato_3473,yelp_1766,0.9846236093750516
zomato_3691,yelp_1087,0.9846236093750516
zomato_3340,yelp_1931,0.9846236093750516
zomato_1076,yelp_2194,0.9846236093750516
zomato_1958,yelp_8555,0.9846236093750516
zomato_2189,yelp_8066,0.9523271326178216
zomato_1607,yelp_8035,0.9846236093750516
zomato_6761,yelp_681,0.9846236093750516
zomato_815,yelp_2226,0.9846236093750516
zomato_2141,yelp_8521,0.9846236093750516
zomato_3919,yelp_1758,0.9846236093750516
zomato_2806,yelp_1711,0.9846236093750516
zomato_817,yelp_2273,0.9846236093750516
zomato_1162,yelp_2174,0.9846236093750516
zomato_3472,yelp_1433,0.9846236093750516
zomato_1826,yelp_8756,0.9846236093750516
zomato_1959,yelp_8612,0.8086671543320266
zomato_6980,yelp_616,0.9846236093750516
zomato_2142,yelp_8937,0.9846236093750516
zomato_2275,yelp_8270,0.9261222251829263
zomato_901,yelp_2015,0.9846236093750516
zomato_3918,yelp_1663,0.9846236093750516
